,Year,MonthlyIncome,UPBatAcquisition,LTVRatio,BorrowerCount,InterestRate,OriginationValue,HousingExpenseToIncome,TotalDebtToIncome,B1CreditScore,B2CreditScore,Performance,PropertyValue,CurrentPropertyValue,ValueChange,Price
1602,2021,3987,142450,95.0,1,3.375,142450,26.57,26.94,9,9,Current,149947.3684,149947.3684,0,142450
2200,2021,16368,256000,80.0,2,2.0,256000,15.08,23.66,9,9,Current,320000.0,320000.0,0,256000
2205,2021,9165,67000,65.0,2,2.75,67000,5.45,36.06,9,9,Current,103076.9231,103076.9231,0,67000
2207,2021,8467,155000,68.0,2,2.5,155000,14.4,21.27,9,9,Current,227941.1765,227941.1765,0,155000
2213,2021,8213,275000,71.0,2,2.5,275000,15.88,16.35,9,9,Current,387323.9437,387323.9437,0,275000
2421,2021,5221,66500,95.0,2,2.875,66500,10.67,18.42,9,9,Current,70000.0,70000.0,0,66500
2423,2021,3159,40000,80.0,1,2.125,40000,11.54,11.54,9,9,Current,50000.0,50000.0,0,40000
2444,2021,6537,133600,87.0,2,2.75,133600,12.44,12.44,9,9,Current,153563.2184,153563.2184,0,133600
2685,2021,6250,131900,88.0,1,2.75,131900,13.41,33.79,9,9,Current,149886.3636,149886.3636,0,131900
3266,2021,9291,156000,63.0,2,2.0,156000,17.15,26.58,9,5,Current,247619.0476,247619.0476,0,156000
3495,2021,8335,250000,36.0,2,2.125,250000,26.93,31.45,9,5,Current,694444.4444,694444.4444,0,250000
4038,2021,6129,87878,103.0,2,2.625,87878,9.09,9.09,9,9,Current,85318.4466,85318.4466,0,87878
4118,2021,3467,111100,101.0,1,2.5,111100,22.5,28.26,9,9,Current,110000.0,110000.0,0,111100
4626,2021,5840,148000,80.0,1,2.5,148000,17.37,31.42,9,9,Current,185000.0,185000.0,0,148000
4638,2021,7350,204800,80.0,2,2.625,204800,16.38,28.57,9,9,Current,256000.0,256000.0,0,204800
4658,2021,6128,83476,100.0,2,2.375,83636,8.96,14.35,9,4,Current,83636.0,83636.0,0,83476
5459,2021,5377,136500,57.0,2,2.75,136500,16.49,16.49,9,9,Current,239473.6842,239473.6842,0,136500
5649,2021,1828,75500,46.0,2,3.0,75500,22.66,32.07,9,9,Current,164130.4348,164130.4348,0,75500
5650,2021,12083,190600,59.0,1,2.625,190600,9.23,14.74,9,9,Current,323050.8475,323050.8475,0,190600
5689,2021,4678,160400,72.0,2,3.5,160400,21.99,26.21,9,9,Current,222777.7778,222777.7778,0,160400
5841,2021,3586,44650,95.0,1,2.875,44650,12.34,32.61,9,9,Current,47000.0,47000.0,0,44650
5946,2021,2680,85025,95.0,1,2.5,85025,24.03,24.03,9,9,Current,89500.0,89500.0,0,85025
6298,2021,6412,76856,48.0,2,2.125,76856,12.53,38.57,9,9,Current,160116.6667,160116.6667,0,76856
6325,2021,8850,99266,31.0,2,2.125,99266,15.3,25.39,9,9,Current,320212.9032,320212.9032,0,99266
6345,2021,17951,385000,72.0,2,2.5,385000,12.93,19.8,9,9,Current,534722.2222,534722.2222,0,385000
6881,2021,2834,127645,99.0,1,3.25,127645,28.66,28.66,9,9,Current,128934.3434,128934.3434,0,127645
7002,2021,6236,267750,87.0,2,3.25,267750,24.28,41.46,9,5,Current,307758.6207,307758.6207,0,267750
7303,2021,5617,169750,75.0,1,3.25,169750,14.07,25.55,9,9,Current,226333.3333,226333.3333,0,169750
8175,2021,4115,103838,99.0,1,3.125,103838,18.55,18.55,9,9,Current,104886.8687,104886.8687,0,103838
8215,2021,2633,28474,99.0,1,2.875,28474,15.04,15.04,9,9,Current,28761.61616,28761.61616,0,28474
8404,2021,2207,59700,100.0,1,3.125,59700,22.45,22.45,9,9,Current,59700.0,59700.0,0,59700
8790,2021,9139,152000,80.0,2,2.75,152000,13.11,17.04,9,5,Current,190000.0,190000.0,0,152000
8822,2021,16547,345000,80.0,2,2.5,345000,17.02,22.67,9,9,Current,431250.0,431250.0,0,345000
10043,2021,2471,49600,80.0,1,2.875,49600,14.48,14.48,9,9,Current,62000.0,62000.0,0,49600
10088,2021,16897,289700,68.0,2,3.375,289700,11.3,17.5,9,9,Current,426029.4118,426029.4118,0,289700
11053,2021,12391,274538,70.0,2,3.125,275000,0.0,17.62,9,9,Current,392857.1429,392857.1429,0,274538
12699,2021,5795,138000,58.0,1,3.0,138000,19.28,19.28,9,9,Current,237931.0345,237931.0345,0,138000
12793,2021,4194,228000,80.0,1,3.125,228000,25.92,26.52,9,9,Current,285000.0,285000.0,0,228000
13111,2021,1920,77000,97.0,2,3.25,77000,28.57,31.81,9,1,Current,79381.4433,79381.4433,0,77000
13562,2021,8278,88850,56.0,2,3.25,88850,5.42,5.78,9,9,Current,158660.7143,158660.7143,0,88850
14290,2021,12500,133379,72.0,2,2.25,133379,11.01,11.01,9,5,Current,185248.6111,185248.6111,0,133379
15151,2021,9739,305000,71.0,1,2.875,305000,15.88,17.28,9,9,Current,429577.4648,429577.4648,0,305000
15423,2021,8669,239481,99.0,2,3.25,239481,17.04,33.99,9,3,Current,241900.0,241900.0,0,239481
16036,2021,2328,58876,86.0,1,3.25,58876,18.39,19.46,9,9,Current,68460.46512,68460.46512,0,58876
16705,2021,2600,76058,90.0,1,3.125,76058,18.2,18.2,9,9,Current,84508.88889,84508.88889,0,76058
16722,2021,1340,26292,68.0,1,2.625,26292,23.21,23.21,9,9,Current,38664.70588,38664.70588,0,26292
17022,2021,3734,80707,101.0,2,3.25,80707,15.7,20.77,9,3,Current,79907.92079,79907.92079,0,80707
25681,2021,10039,316000,80.0,2,3.0,316000,19.32,38.71,9,9,Current,395000.0,395000.0,0,316000
29325,2021,6169,181750,78.0,1,2.875,181750,17.02,17.02,9,9,Current,233012.8205,233012.8205,0,181750
30572,2021,5602,90000,33.0,2,2.125,90000,16.13,17.9,9,5,Current,272727.2727,272727.2727,0,90000
31038,2021,3749,79660,80.0,1,4.125,80000,19.58,19.58,9,9,Current,100000.0,100000.0,0,79660
31193,2021,6722,108000,80.0,2,2.875,108000,11.61,18.31,9,4,Current,135000.0,135000.0,0,108000
31776,2021,4882,288000,80.0,2,3.25,288000,30.5,31.01,9,5,Current,360000.0,360000.0,0,288000
32472,2021,6818,250000,53.0,2,3.125,250000,37.53,42.07,9,5,Current,471698.1132,471698.1132,0,250000
32979,2021,7454,164000,80.0,1,3.125,164000,13.89,19.3,9,9,Current,205000.0,205000.0,0,164000
33129,2021,8957,318708,80.0,2,3.625,319200,19.77,35.17,9,9,Current,399000.0,399000.0,0,318708
33172,2021,6933,213750,95.0,2,3.25,213750,18.31,35.22,9,4,Current,225000.0,225000.0,0,213750
33201,2021,4372,125000,52.0,2,3.375,125000,17.88,32.57,9,5,Current,240384.6154,240384.6154,0,125000
33635,2021,2611,213750,95.0,1,2.75,213750,41.76,41.76,9,9,Current,225000.0,225000.0,0,213750
34627,2021,8613,284905,95.0,2,2.75,284905,17.78,20.62,9,5,Current,299900.0,299900.0,0,284905
34931,2021,7370,132000,80.0,1,3.25,132000,13.36,13.36,9,9,Current,165000.0,165000.0,0,132000
35090,2021,8488,299462,75.0,2,2.75,300000,21.94,22.38,9,5,Current,400000.0,400000.0,0,299462
36368,2021,5219,152500,92.0,1,4.125,152500,14.17,14.17,9,9,Current,165760.8696,165760.8696,0,152500
36547,2021,6425,265000,93.0,2,3.0,265000,23.2,28.69,9,4,Current,284946.2366,284946.2366,0,265000
36874,2021,5636,265000,68.0,1,2.5,265000,35.79,35.79,9,9,Current,389705.8824,389705.8824,0,265000
36932,2021,1911,114000,60.0,1,3.25,114000,38.04,38.04,9,9,Current,190000.0,190000.0,0,114000
52281,2021,3614,42000,63.0,1,2.875,42000,11.01,11.01,9,9,Current,66666.66667,66666.66667,0,42000
52542,2021,4735,112500,90.0,2,3.125,112500,19.72,36.89,9,3,Current,125000.0,125000.0,0,112500
53904,2021,3762,201677,93.0,2,2.25,203300,23.93,34.08,9,9,Current,218602.1505,218602.1505,0,201677
53992,2021,6863,55200,80.0,2,2.875,55200,7.0,11.66,9,5,Current,69000.0,69000.0,0,55200
54484,2021,11730,190000,71.0,2,2.25,190000,13.16,19.88,9,3,Current,267605.6338,267605.6338,0,190000
54889,2021,6031,110000,88.0,2,2.875,110000,15.95,19.24,9,4,Current,125000.0,125000.0,0,110000
54997,2021,5907,72000,80.0,2,2.75,72000,8.16,14.79,9,9,Current,90000.0,90000.0,0,72000
55112,2021,4911,158400,80.0,1,2.375,158400,22.53,22.53,9,9,Current,198000.0,198000.0,0,158400
55291,2021,3799,122500,70.0,2,2.625,122500,23.71,23.71,9,5,Current,175000.0,175000.0,0,122500
55629,2021,11841,182400,88.0,2,2.5,182400,8.98,39.79,9,9,Current,207272.7273,207272.7273,0,182400
55694,2021,3969,201000,81.0,2,2.625,201000,29.55,84.21,9,4,Current,248148.1481,248148.1481,0,201000
55712,2021,7962,318000,72.0,1,2.5,318000,23.52,23.52,9,9,Current,441666.6667,441666.6667,0,318000
56420,2021,2521,188552,104.0,1,3.0,188552,40.1,40.1,9,9,Current,181300.0,181300.0,0,188552
56769,2021,5862,100000,75.0,2,3.25,100000,11.77,11.77,9,5,Current,133333.3333,133333.3333,0,100000
56823,2021,4730,133000,95.0,1,2.75,133000,26.81,26.81,9,9,Current,140000.0,140000.0,0,133000
57384,2021,3466,56000,80.0,1,3.5,56000,14.25,23.03,9,9,Current,70000.0,70000.0,0,56000
58263,2021,4000,296204,85.0,2,3.0,297500,38.0,38.0,9,9,Current,350000.0,350000.0,0,296204
58338,2021,4900,100000,80.0,2,3.25,100000,14.37,14.37,9,5,Current,125000.0,125000.0,0,100000
58489,2021,2742,38400,80.0,1,2.875,38400,12.84,14.66,9,9,Current,48000.0,48000.0,0,38400
58878,2021,11518,180000,67.0,1,2.75,180000,10.44,10.44,9,9,Current,268656.7164,268656.7164,0,180000
59011,2021,1943,40414,2.0,1,3.5,41414,17.3,17.3,9,9,Current,2070700.0,2070700.0,0,40414
59050,2021,2000,50000,40.0,1,3.25,50000,29.88,38.66,9,9,Current,125000.0,125000.0,0,50000
59830,2021,3357,176027,96.0,1,2.625,176027,31.02,31.02,9,9,Current,183361.4583,183361.4583,0,176027
60645,2021,7248,204000,80.0,2,3.125,204000,17.05,34.6,9,2,Current,255000.0,255000.0,0,204000
60911,2021,4148,104000,80.0,1,2.75,104000,20.83,20.83,9,9,Current,130000.0,130000.0,0,104000
61367,2021,4108,100000,77.0,1,2.625,100000,17.56,17.56,9,9,Current,129870.1299,129870.1299,0,100000
62314,2021,6631,123200,80.0,2,2.75,123200,21.79,21.79,9,9,Current,154000.0,154000.0,0,123200
62453,2021,12895,548000,74.0,2,3.25,548000,26.7,26.7,9,9,Current,740540.5405,740540.5405,0,548000
62766,2021,4391,72000,80.0,1,3.0,72000,14.86,14.86,9,9,Current,90000.0,90000.0,0,72000
63007,2021,9286,245000,95.0,2,2.5,245000,16.58,16.58,9,9,Current,257894.7368,257894.7368,0,245000
63019,2021,2914,64287,99.0,1,3.5,64287,16.63,30.61,9,9,Current,64936.36364,64936.36364,0,64287
63087,2021,5860,330000,100.0,1,3.625,330000,32.24,32.24,9,9,Current,330000.0,330000.0,0,330000
63328,2021,4340,70400,80.0,1,3.125,70400,16.51,25.11,9,9,Current,88000.0,88000.0,0,70400
63334,2021,4398,179200,80.0,1,3.375,179200,28.27,36.01,9,9,Current,224000.0,224000.0,0,179200
67775,2020,5217,147112,104.0,1,3.5,147112,20.28,20.28,9,9,Current,141453.8462,141453.8462,0,147112
69160,2020,12069,233500,56.0,2,3.625,233500,14.32,14.32,9,9,Current,416964.2857,416964.2857,0,233500
69164,2020,5999,89000,65.0,1,3.625,89000,8.34,8.34,9,9,Current,136923.0769,136923.0769,0,89000
69176,2020,5540,50000,28.0,2,3.375,50000,11.21,11.21,9,9,Current,178571.4286,178571.4286,0,50000
69844,2020,2543,56878,101.0,1,3.5,56878,20.41,20.41,9,9,Current,56314.85149,56314.85149,0,56878
70584,2020,13538,95000,65.0,2,3.25,95000,8.2,8.2,9,5,Current,146153.8462,146153.8462,0,95000
71441,2020,4743,59784,80.0,1,4.25,60000,13.84,13.84,9,9,Current,75000.0,75000.0,0,59784
71529,2020,6096,155539,80.0,1,3.875,156000,15.79,15.79,9,9,Current,195000.0,195000.0,0,155539
72258,2020,2600,101302,97.0,1,3.25,101302,30.04,30.04,9,9,Current,104435.0515,104435.0515,0,101302
74046,2020,2013,56163,99.0,1,4.125,56163,22.56,22.56,9,9,Current,56730.30303,56730.30303,0,56163
74308,2020,6591,159900,52.0,1,3.0,159900,15.51,15.51,9,9,Current,307500.0,307500.0,0,159900
75597,2020,2582,86640,97.0,1,3.0,86640,24.68,24.68,9,9,Current,89319.58763,89319.58763,0,86640
76759,2020,5299,110000,77.0,1,2.75,110000,20.28,20.28,9,9,Current,142857.1429,142857.1429,0,110000
77702,2020,12923,93000,30.0,2,2.625,93000,10.7,10.7,9,9,Current,310000.0,310000.0,0,93000
77707,2020,6387,133600,80.0,2,2.75,133600,14.33,14.33,9,9,Current,167000.0,167000.0,0,133600
77708,2020,15803,208000,66.0,2,2.75,208000,10.82,10.82,9,9,Current,315151.5152,315151.5152,0,208000
77712,2020,8700,157000,59.0,1,2.75,157000,20.49,20.49,9,9,Current,266101.6949,266101.6949,0,157000
77719,2020,10553,219000,67.0,2,3.0,219000,13.8,13.8,9,9,Current,326865.6716,326865.6716,0,219000
77722,2020,8449,288000,80.0,2,3.375,288000,22.06,22.06,9,9,Current,360000.0,360000.0,0,288000
77727,2020,8809,134000,80.0,2,2.625,134000,15.21,15.21,9,9,Current,167500.0,167500.0,0,134000
77739,2020,7021,115000,75.0,2,2.875,115000,11.26,11.26,9,9,Current,153333.3333,153333.3333,0,115000
77742,2020,11733,216900,89.0,2,2.875,216900,13.29,13.29,9,9,Current,243707.8652,243707.8652,0,216900
77746,2020,9675,121000,67.0,2,2.5,121000,13.07,13.07,9,9,Current,180597.0149,180597.0149,0,121000
77755,2020,9453,282400,80.0,2,2.75,282400,15.5,15.5,9,9,Current,353000.0,353000.0,0,282400
77760,2020,9117,110000,77.0,2,2.875,110000,8.3,8.3,9,9,Current,142857.1429,142857.1429,0,110000
77766,2020,1860,60325,95.0,1,3.0,60325,35.33,35.33,9,9,Current,63500.0,63500.0,0,60325
77770,2020,23061,181355,95.0,2,2.5,181355,7.18,7.18,9,9,Current,190900.0,190900.0,0,181355
79196,2020,7176,277626,102.0,2,3.5,277626,24.38,24.38,9,5,Current,272182.3529,272182.3529,0,277626
79231,2020,5604,128000,50.0,2,2.5,128000,22.64,22.64,9,9,Current,256000.0,256000.0,0,128000
79233,2020,7727,100000,78.0,2,2.5,100000,12.27,12.27,9,9,Current,128205.1282,128205.1282,0,100000
80029,2020,12596,272000,80.0,2,2.5,272000,19.47,19.47,9,9,Current,340000.0,340000.0,0,272000
80039,2020,7214,120000,80.0,2,2.75,120000,10.99,10.99,9,9,Current,150000.0,150000.0,0,120000
80041,2020,5263,128000,95.0,1,2.75,128000,16.46,16.46,9,9,Current,134736.8421,134736.8421,0,128000
80046,2020,11500,181000,61.0,2,2.75,181000,12.21,12.21,9,9,Current,296721.3115,296721.3115,0,181000
80412,2020,2543,80669,97.0,1,3.0,80808,21.44,21.44,9,9,Current,83307.21649,83307.21649,0,80669
80428,2020,2080,90455,101.0,1,3.0,90611,28.03,28.03,9,9,Current,89713.86139,89713.86139,0,90455
80436,2020,3467,68614,99.0,1,3.0,68732,18.44,18.44,9,9,Current,69426.26263,69426.26263,0,68614
80446,2020,3946,206196,99.0,2,3.0,206196,32.65,32.65,9,5,Current,208278.7879,208278.7879,0,206196
81749,2020,2492,62300,100.0,1,3.0,62300,17.34,17.34,9,9,Current,62300.0,62300.0,0,62300
81750,2020,4106,128900,69.0,1,3.0,128900,19.85,19.85,9,9,Current,186811.5942,186811.5942,0,128900
81754,2020,10844,231100,69.0,2,3.0,231100,9.69,9.69,9,9,Current,334927.5362,334927.5362,0,231100
81755,2020,3343,78800,66.0,1,3.0,78800,17.54,17.54,9,9,Current,119393.9394,119393.9394,0,78800
81766,2020,9026,260300,85.0,2,3.0,260300,17.5,17.5,9,9,Current,306235.2941,306235.2941,0,260300
81790,2020,4806,131750,80.0,2,3.0,131750,16.48,16.48,9,9,Current,164687.5,164687.5,0,131750
82852,2020,2794,58400,80.0,1,2.5,58400,23.72,23.72,9,9,Current,73000.0,73000.0,0,58400
82853,2020,9813,216000,76.0,2,2.75,216000,15.35,15.35,9,3,Current,284210.5263,284210.5263,0,216000
82856,2020,12083,232500,55.0,2,2.75,232500,14.2,14.2,9,9,Current,422727.2727,422727.2727,0,232500
82864,2020,7465,103000,85.0,2,2.5,103000,13.38,13.38,9,9,Current,121176.4706,121176.4706,0,103000
82881,2020,3769,74000,80.0,1,2.875,74000,13.17,13.17,9,9,Current,92500.0,92500.0,0,74000
82884,2020,8633,288000,80.0,2,2.625,288000,19.92,19.92,9,9,Current,360000.0,360000.0,0,288000
83648,2020,12389,388800,80.0,2,2.75,388800,19.65,19.65,9,2,Current,486000.0,486000.0,0,388800
84904,2020,6456,182700,95.0,2,2.75,182700,17.22,17.22,9,9,Current,192315.7895,192315.7895,0,182700
84906,2020,6287,124940,99.0,2,2.75,124940,9.11,9.11,9,9,Current,126202.0202,126202.0202,0,124940
84908,2020,3262,128300,100.0,1,2.625,128300,21.45,21.45,9,9,Current,128300.0,128300.0,0,128300
84909,2020,7559,169700,61.0,2,2.625,169700,16.85,16.85,9,9,Current,278196.7213,278196.7213,0,169700
84915,2020,8864,154100,71.0,2,2.625,154100,9.77,9.77,9,9,Current,217042.2535,217042.2535,0,154100
85506,2020,3226,137000,76.0,2,2.0,137000,40.94,40.94,9,9,Current,180263.1579,180263.1579,0,137000
85555,2020,12102,160000,70.0,2,2.75,160000,8.78,8.78,9,4,Current,228571.4286,228571.4286,0,160000
85671,2020,6758,115900,95.0,2,2.875,115900,11.66,11.66,9,3,Current,122000.0,122000.0,0,115900
86239,2020,12826,242400,86.0,1,2.625,242400,11.11,11.11,9,9,Current,281860.4651,281860.4651,0,242400
86268,2020,1973,133000,74.0,1,3.0,133000,42.81,42.81,9,9,Current,179729.7297,179729.7297,0,133000
86332,2020,6766,172000,67.0,2,2.125,172000,24.77,24.77,9,9,Current,256716.4179,256716.4179,0,172000
86698,2020,4515,139292,101.0,2,2.25,139292,20.25,20.25,9,5,Current,137912.8713,137912.8713,0,139292
86827,2020,12827,250000,76.0,2,2.625,250000,12.27,12.27,9,5,Current,328947.3684,328947.3684,0,250000
87347,2020,23612,415200,80.0,2,2.0,415200,14.21,14.21,9,9,Current,519000.0,519000.0,0,415200
87364,2020,17604,230000,54.0,2,2.625,230000,11.15,11.15,9,9,Current,425925.9259,425925.9259,0,230000
87500,2020,8090,308000,80.0,2,2.5,308000,22.36,22.36,9,9,Current,385000.0,385000.0,0,308000
87504,2020,7638,170000,68.0,2,2.0,170000,21.17,21.17,9,9,Current,250000.0,250000.0,0,170000
87752,2020,10931,174300,72.0,2,2.625,174300,9.89,9.89,9,9,Current,242083.3333,242083.3333,0,174300
87881,2020,6533,244000,80.0,2,2.625,244000,22.48,22.48,9,9,Current,305000.0,305000.0,0,244000
87931,2020,5927,128000,86.0,1,2.75,128000,16.54,16.54,9,9,Current,148837.2093,148837.2093,0,128000
88036,2020,5416,87200,100.0,2,2.5,87200,10.04,10.04,9,2,Current,87200.0,87200.0,0,87200
88426,2020,3011,115462,98.0,1,2.625,115462,26.14,26.14,9,9,Current,117818.3673,117818.3673,0,115462
88458,2020,3641,73551,97.0,1,2.5,73551,12.89,12.89,9,9,Current,75825.7732,75825.7732,0,73551
88581,2020,2902,60606,102.0,2,2.625,60606,14.27,14.27,9,9,Current,59417.64706,59417.64706,0,60606
88631,2020,2501,43282,97.0,1,2.375,43282,12.16,12.16,9,9,Current,44620.61856,44620.61856,0,43282
104215,2020,3428,77920,80.0,2,4.0,77920,18.49,18.49,9,9,Current,97400.0,97400.0,0,77920
104405,2020,6209,135000,70.0,1,3.75,135000,14.44,14.44,9,9,Current,192857.1429,192857.1429,0,135000
104891,2020,11667,218078,32.0,1,3.125,220000,13.14,13.14,9,9,Current,687500.0,687500.0,0,218078
105261,2020,5479,237361,77.0,1,3.875,246000,29.56,29.56,9,9,Current,319480.5195,319480.5195,0,237361
105391,2020,4006,80000,80.0,1,3.125,80000,17.91,17.91,9,9,Current,100000.0,100000.0,0,80000
105573,2020,7253,130400,80.0,2,3.75,130400,11.92,11.92,9,3,Current,163000.0,163000.0,0,130400
105823,2020,3770,46000,80.0,1,3.875,46000,9.13,9.13,9,9,Current,57500.0,57500.0,0,46000
106021,2020,12171,185000,73.0,1,4.0,185000,10.48,10.48,9,9,Current,253424.6575,253424.6575,0,185000
106622,2020,3099,99898,100.0,1,3.25,99898,18.98,18.98,9,9,Current,99898.0,99898.0,0,99898
106690,2020,2913,51200,80.0,2,3.5,51200,12.29,12.29,9,9,Current,64000.0,64000.0,0,51200
106881,2020,5844,40000,58.0,2,2.75,40000,6.8,6.8,9,4,Current,68965.51724,68965.51724,0,40000
107187,2020,6105,123535,80.0,2,3.375,123535,13.45,13.45,9,9,Current,154418.75,154418.75,0,123535
107860,2020,3965,126000,79.0,2,3.375,126000,21.93,21.93,9,4,Current,159493.6709,159493.6709,0,126000
108776,2020,3427,113000,97.0,1,4.0,113000,22.23,22.23,9,9,Current,116494.8454,116494.8454,0,113000
109267,2020,3232,78250,100.0,2,3.5,78250,14.29,14.29,9,2,Current,78250.0,78250.0,0,78250
109280,2020,12846,209000,90.0,2,3.0,209000,15.32,15.32,9,9,Current,232222.2222,232222.2222,0,209000
109605,2020,4773,92398,94.0,2,3.25,92398,12.34,12.34,9,9,Current,98295.74468,98295.74468,0,92398
109607,2020,5473,126510,98.0,2,3.25,126510,14.58,14.58,9,9,Current,129091.8367,129091.8367,0,126510
109983,2020,7971,92106,94.0,2,3.625,92106,8.23,8.23,9,3,Current,97985.10638,97985.10638,0,92106
110532,2020,3790,89264,50.0,2,4.0,89265,14.49,14.49,9,4,Current,178530.0,178530.0,0,89264
111860,2020,3293,64640,101.0,1,3.75,64640,13.42,13.42,9,9,Current,64000.0,64000.0,0,64640
111863,2020,3230,127000,101.0,1,3.25,127000,23.64,23.64,9,9,Current,125742.5743,125742.5743,0,127000
111871,2020,2860,191940,99.0,1,2.75,191940,41.56,41.56,9,9,Current,193878.7879,193878.7879,0,191940
112177,2020,3813,100800,80.0,1,2.875,100800,27.72,27.72,9,9,Current,126000.0,126000.0,0,100800
114172,2020,5873,117000,100.0,2,3.5,117000,12.32,12.32,9,2,Current,117000.0,117000.0,0,117000
114223,2020,4717,100000,53.0,1,3.0,100000,14.95,14.95,9,9,Current,188679.2453,188679.2453,0,100000
114421,2020,3959,90586,98.0,1,4.375,92500,19.13,19.13,9,9,Current,94387.7551,94387.7551,0,90586
114632,2020,5788,121540,80.0,2,3.25,121540,15.97,15.97,9,4,Current,151925.0,151925.0,0,121540
115099,2020,3027,68468,101.0,1,3.62,68680,15.06,15.06,9,9,Current,68000.0,68000.0,0,68468
127936,2020,10453,125000,66.0,2,3.625,125000,11.9,11.9,9,4,Current,189393.9394,189393.9394,0,125000
127949,2020,4475,268000,80.0,1,3.625,268000,35.36,35.36,9,9,Current,335000.0,335000.0,0,268000
127978,2020,1747,59200,80.0,1,2.875,59200,23.72,23.72,9,9,Current,74000.0,74000.0,0,59200
128057,2020,2860,136000,80.0,1,3.5,136000,35.2,35.2,9,9,Current,170000.0,170000.0,0,136000
130180,2020,1003,30000,60.0,1,2.875,30000,22.23,22.23,9,9,Current,50000.0,50000.0,0,30000
132079,2020,5200,176000,80.0,2,2.75,176000,19.67,19.67,9,4,Current,220000.0,220000.0,0,176000
132867,2020,12547,412695,60.0,1,3.5,414000,20.58,20.58,9,9,Current,690000.0,690000.0,0,412695
134436,2020,3000,86406,99.0,1,3.375,86406,24.8,24.8,9,9,Current,87278.78788,87278.78788,0,86406
134796,2020,11451,320000,80.0,1,3.0,320000,25.53,25.53,9,9,Current,400000.0,400000.0,0,320000
135367,2020,7385,150000,75.0,1,3.125,150000,13.92,13.92,9,9,Current,200000.0,200000.0,0,150000
135637,2020,8567,266000,95.0,2,2.5,266000,25.82,25.82,9,5,Current,280000.0,280000.0,0,266000
135850,2020,3154,118800,80.0,1,3.75,118800,22.35,22.35,9,9,Current,148500.0,148500.0,0,118800
136205,2020,11090,216000,94.0,2,3.0,216000,18.26,18.26,9,9,Current,229787.234,229787.234,0,216000
136790,2020,4173,148539,44.0,2,3.5,148539,25.58,25.58,9,4,Current,337588.6364,337588.6364,0,148539
136924,2020,4000,80000,80.0,2,3.0,80000,13.53,13.53,9,9,Current,100000.0,100000.0,0,80000
136941,2020,5000,240355,106.0,1,3.375,240355,27.92,27.92,9,9,Current,226750.0,226750.0,0,240355
136960,2020,6000,230949,101.0,1,3.375,230949,23.8,23.8,9,9,Current,228662.3762,228662.3762,0,230949
136994,2020,3000,108400,100.0,1,3.375,108400,24.37,24.37,9,9,Current,108400.0,108400.0,0,108400
137879,2020,4670,150400,80.0,2,3.25,150400,24.58,24.58,9,5,Current,188000.0,188000.0,0,150400
139660,2020,3118,96000,80.0,1,3.875,96000,22.61,22.61,9,9,Current,120000.0,120000.0,0,96000
139713,2020,4375,135200,80.0,1,3.375,135200,23.13,23.13,9,9,Current,169000.0,169000.0,0,135200
141701,2020,1900,49600,76.0,1,4.375,49600,18.02,18.02,9,9,Current,65263.15789,65263.15789,0,49600
141820,2020,6000,204517,98.0,2,3.25,204517,21.52,21.52,9,9,Current,208690.8163,208690.8163,0,204517
141824,2020,6000,190500,70.0,2,3.375,190500,21.59,21.59,9,9,Current,272142.8571,272142.8571,0,190500
141826,2020,6000,280900,100.0,1,3.0,280900,24.55,24.55,9,9,Current,280900.0,280900.0,0,280900
141856,2020,6000,114800,87.0,2,3.0,114800,12.19,12.19,9,9,Current,131954.023,131954.023,0,114800
141879,2020,6000,267900,100.0,2,3.125,267900,25.69,25.69,9,9,Current,267900.0,267900.0,0,267900
142209,2020,3557,101000,75.0,2,3.375,101000,24.97,24.97,9,5,Current,134666.6667,134666.6667,0,101000
143078,2020,3167,135000,78.0,1,4.125,135000,30.96,30.96,9,9,Current,173076.9231,173076.9231,0,135000
143534,2020,5932,261571,99.0,2,3.0,261571,30.23,30.23,9,9,Current,264213.1313,264213.1313,0,261571
143535,2020,13166,352350,89.0,2,3.0,352350,17.5,17.5,9,9,Current,395898.8764,395898.8764,0,352350
143707,2020,4576,42000,25.0,2,3.375,42000,14.24,14.24,9,4,Current,168000.0,168000.0,0,42000
144590,2020,3983,112410,90.0,1,3.25,112410,25.48,25.48,9,9,Current,124900.0,124900.0,0,112410
144861,2020,3206,90000,100.0,1,3.0,90000,19.8,19.8,9,9,Current,90000.0,90000.0,0,90000
144875,2020,6000,211669,95.0,2,3.25,211669,21.99,21.99,9,9,Current,222809.4737,222809.4737,0,211669
144909,2020,6000,175071,98.0,2,3.0,175071,18.45,18.45,9,9,Current,178643.8776,178643.8776,0,175071
144916,2020,6000,195506,92.0,2,3.0,195673,25.02,25.02,9,9,Current,212688.0435,212688.0435,0,195506
145029,2020,3440,20000,80.0,1,2.75,20000,9.79,9.79,9,9,Current,25000.0,25000.0,0,20000
145207,2020,5344,157600,80.0,1,3.75,157600,20.13,20.13,9,9,Current,197000.0,197000.0,0,157600
145319,2020,6000,148200,93.0,2,3.0,148200,15.34,15.34,9,9,Current,159354.8387,159354.8387,0,148200
145322,2020,4197,196000,80.0,1,3.0,196000,30.61,30.61,9,9,Current,245000.0,245000.0,0,196000
145331,2020,5000,136000,80.0,1,2.75,136000,18.22,18.22,9,9,Current,170000.0,170000.0,0,136000
146143,2020,6266,97855,89.0,2,3.0,97855,12.65,12.65,9,9,Current,109949.4382,109949.4382,0,97855
146578,2020,4739,150228,102.0,2,4.0,150228,15.14,15.14,9,9,Current,147282.3529,147282.3529,0,150228
146628,2020,2785,62000,90.0,1,3.0,62000,18.74,18.74,9,9,Current,68888.88889,68888.88889,0,62000
146748,2020,11619,275200,101.0,2,2.75,275200,15.59,15.59,9,9,Current,272475.2475,272475.2475,0,275200
147228,2019,25376,320962,95.0,2,5.375,322050,25.73,44.29,9,9,Current,339000.0,339000.0,0,320962
147494,2019,11560,450000,92.0,2,4.375,450000,24.21,24.54,9,3,Current,489130.4348,489130.4348,0,450000
147512,2019,7457,200000,72.0,1,5.125,200000,25.74,39.19,9,9,Current,277777.7778,277777.7778,0,200000
149025,2019,5148,213750,95.0,1,3.375,213750,26.79,40.75,9,9,Current,225000.0,225000.0,0,213750
149582,2019,8032,412000,79.0,1,3.375,412000,37.99,41.36,9,9,Current,521518.9873,521518.9873,0,412000
149881,2019,2056,69700,100.0,1,4.75,69700,27.78,38.09,9,9,Current,69700.0,69700.0,0,69700
150240,2019,2967,40700,105.0,1,5.25,40700,13.52,19.28,9,9,Current,38761.90476,38761.90476,0,40700
150275,2019,7455,144000,80.0,2,4.5,144000,17.67,39.37,9,5,Current,180000.0,180000.0,0,144000
151226,2019,9926,310731,70.0,2,4.875,311500,32.89,40.81,9,9,Current,445000.0,445000.0,0,310731
151444,2019,8586,374789,80.0,2,5.5,375200,31.33,45.67,9,9,Current,469000.0,469000.0,0,374789
151674,2019,7061,171300,73.0,1,4.875,171300,25.38,38.88,9,9,Current,234657.5342,234657.5342,0,171300
151922,2019,4429,193079,80.0,2,5.0,193312,32.52,34.21,9,9,Current,241640.0,241640.0,0,193079
152961,2019,2216,62000,100.0,1,3.875,62000,18.91,18.91,9,9,Current,62000.0,62000.0,0,62000
153808,2019,3813,121600,80.0,2,4.375,121600,23.37,38.85,9,4,Current,152000.0,152000.0,0,121600
153874,2019,6406,60000,45.0,1,3.625,60000,14.85,14.85,9,9,Current,133333.3333,133333.3333,0,60000
154144,2019,6166,256500,90.0,1,4.375,256500,30.07,37.53,9,9,Current,285000.0,285000.0,0,256500
154669,2019,14033,285000,75.0,2,4.125,285000,17.2,24.76,9,9,Current,380000.0,380000.0,0,285000
154692,2019,10944,89281,59.0,2,3.75,89900,10.92,10.92,9,9,Current,152372.8814,152372.8814,0,89281
154830,2019,1980,50353,86.0,1,3.625,50353,20.31,30.59,9,9,Current,58550.0,58550.0,0,50353
156395,2019,5000,144000,80.0,1,4.25,144000,22.78,34.0,9,9,Current,180000.0,180000.0,0,144000
156403,2019,5290,170000,70.0,1,4.125,170000,23.08,23.55,9,9,Current,242857.1429,242857.1429,0,170000
156410,2019,3267,98000,75.0,1,3.625,98000,31.76,35.89,9,9,Current,130666.6667,130666.6667,0,98000
157145,2019,10397,132000,62.0,2,4.125,132000,13.28,15.41,9,9,Current,212903.2258,212903.2258,0,132000
157819,2019,4323,99750,95.0,2,3.875,99750,17.72,17.72,9,4,Current,105000.0,105000.0,0,99750
157982,2019,3530,130000,100.0,1,3.875,130000,24.59,24.59,9,9,Current,130000.0,130000.0,0,130000
158526,2019,6413,145900,90.0,2,3.75,145900,15.58,16.85,9,5,Current,162111.1111,162111.1111,0,145900
158628,2019,3694,133806,80.0,2,4.0,134000,32.08,33.71,9,9,Current,167500.0,167500.0,0,133806
158854,2019,6878,150000,45.0,2,3.625,150000,22.55,24.17,9,9,Current,333333.3333,333333.3333,0,150000
159617,2019,6274,139000,94.0,1,3.25,139000,18.36,19.11,9,9,Current,147872.3404,147872.3404,0,139000
159914,2019,14165,249600,80.0,2,2.875,249600,15.8,28.38,9,9,Current,312000.0,312000.0,0,249600
160845,2019,6872,180000,56.0,1,3.125,180000,22.6,23.84,9,9,Current,321428.5714,321428.5714,0,180000
160846,2019,9166,154000,77.0,1,3.0,154000,16.67,29.05,9,9,Current,200000.0,200000.0,0,154000
161778,2019,1776,32000,87.0,1,4.0,32000,16.61,16.61,9,9,Current,36781.6092,36781.6092,0,32000
161799,2019,2427,65786,99.0,1,5.625,65786,28.02,28.31,9,9,Current,66450.50505,66450.50505,0,65786
162059,2019,2600,103455,80.0,2,4.375,104000,29.7,29.7,9,4,Current,130000.0,130000.0,0,103455
163052,2019,6022,120000,80.0,1,3.75,120000,14.87,14.87,9,9,Current,150000.0,150000.0,0,120000
164402,2019,3501,31969,101.0,2,3.125,31969,6.49,6.49,9,9,Current,31652.47525,31652.47525,0,31969
164921,2019,4348,124592,99.0,2,3.875,124592,24.15,24.85,9,9,Current,125850.5051,125850.5051,0,124592
164922,2019,2799,96469,77.0,1,3.75,96469,30.87,31.62,9,9,Current,125284.4156,125284.4156,0,96469
166298,2019,3333,116000,86.0,1,3.5,116000,23.25,23.25,9,9,Current,134883.7209,134883.7209,0,116000
167685,2019,4173,129300,97.0,1,3.25,129300,18.45,18.45,9,9,Current,133298.9691,133298.9691,0,129300
167688,2019,2910,113800,98.0,1,3.375,113800,26.79,26.79,9,9,Current,116122.449,116122.449,0,113800
167708,2019,4727,194700,95.0,2,3.875,194700,27.68,37.15,9,3,Current,204947.3684,204947.3684,0,194700
167973,2019,5500,189000,70.0,2,3.5,189000,23.95,24.4,9,5,Current,270000.0,270000.0,0,189000
168581,2019,2870,126400,80.0,2,3.25,126400,27.79,27.79,9,9,Current,158000.0,158000.0,0,126400
169016,2019,11670,121690,35.0,2,3.375,123000,10.35,14.97,9,9,Current,351428.5714,351428.5714,0,121690
170229,2019,4619,211500,55.0,1,3.375,211500,39.25,40.76,9,9,Current,384545.4545,384545.4545,0,211500
170235,2019,10873,183000,54.0,2,3.0,183000,19.4,20.84,9,5,Current,338888.8889,338888.8889,0,183000
170242,2019,5416,85000,41.0,1,3.0,85000,18.19,41.67,9,9,Current,207317.0732,207317.0732,0,85000
170974,2019,11159,171000,95.0,2,3.75,171000,12.15,18.52,9,4,Current,180000.0,180000.0,0,171000
171004,2019,6091,63000,70.0,2,3.75,63000,16.93,31.93,9,5,Current,90000.0,90000.0,0,63000
185135,2019,2685,68220,90.0,2,4.375,68220,24.86,24.86,9,3,Current,75800.0,75800.0,0,68220
185969,2019,17679,210000,80.0,2,5.375,210000,8.75,19.35,9,5,Current,262500.0,262500.0,0,210000
186099,2019,4600,175635,51.0,2,4.875,178000,36.49,49.95,9,5,Current,349019.6078,349019.6078,0,175635
187983,2019,4833,172000,80.0,1,4.25,172000,23.39,23.39,9,9,Current,215000.0,215000.0,0,172000
191658,2019,3097,56000,80.0,1,4.125,56000,11.9,17.71,9,9,Current,70000.0,70000.0,0,56000
192005,2019,3395,92800,80.0,1,4.625,92800,20.51,20.51,9,9,Current,116000.0,116000.0,0,92800
192278,2019,3328,116000,80.0,1,4.625,116000,26.43,26.43,9,9,Current,145000.0,145000.0,0,116000
192361,2019,3753,95200,80.0,1,4.75,95200,25.07,25.07,9,9,Current,119000.0,119000.0,0,95200
192376,2019,2000,95500,81.0,1,4.875,95500,36.81,36.81,9,9,Current,117901.2346,117901.2346,0,95500
192432,2019,9478,268000,80.0,2,4.0,268000,18.14,18.14,9,9,Current,335000.0,335000.0,0,268000
192667,2019,3383,100000,80.0,1,4.625,100000,22.55,22.55,9,9,Current,125000.0,125000.0,0,100000
193268,2019,3863,72000,80.0,2,3.5,72000,19.67,30.47,9,2,Current,90000.0,90000.0,0,72000
193287,2019,5144,72000,80.0,1,4.25,72000,11.28,11.28,9,9,Current,90000.0,90000.0,0,72000
193302,2019,4699,171830,99.0,2,4.0,171830,23.55,23.55,9,9,Current,173565.6566,173565.6566,0,171830
193794,2019,6719,308000,80.0,2,4.125,308000,26.77,29.77,9,9,Current,385000.0,385000.0,0,308000
194504,2019,2600,91313,80.0,1,4.75,91313,27.01,27.01,9,9,Current,114141.25,114141.25,0,91313
194641,2019,6371,114000,95.0,2,4.75,114000,12.47,24.16,9,9,Current,120000.0,120000.0,0,114000
195191,2019,4340,142000,59.0,2,3.875,142000,28.03,43.4,9,5,Current,240677.9661,240677.9661,0,142000
195251,2019,27712,62400,80.0,2,4.0,62400,1.1,10.86,9,5,Current,78000.0,78000.0,0,62400
195303,2019,4056,151000,61.0,1,4.25,151000,28.04,28.04,9,9,Current,247540.9836,247540.9836,0,151000
195826,2019,3583,92000,80.0,1,4.875,92000,18.25,18.25,9,9,Current,115000.0,115000.0,0,92000
196565,2019,2964,34848,67.0,1,4.0,34848,8.83,8.83,9,9,Current,52011.9403,52011.9403,0,34848
196637,2019,6661,111010,102.0,2,3.875,111010,10.72,28.75,9,2,Current,108833.3333,108833.3333,0,111010
196675,2019,2600,88000,66.0,2,3.5,88000,22.34,32.15,9,4,Current,133333.3333,133333.3333,0,88000
198811,2019,9096,234800,80.0,2,3.75,234800,17.08,37.63,9,5,Current,293500.0,293500.0,0,234800
199115,2019,1948,54545,84.0,1,4.125,54545,22.81,40.79,9,9,Current,64934.52381,64934.52381,0,54545
199207,2019,8644,230000,80.0,2,3.5,230000,24.22,28.98,9,4,Current,287500.0,287500.0,0,230000
202159,2019,2773,27721,72.0,1,4.5,28000,10.13,10.13,9,9,Current,38888.88889,38888.88889,0,27721
202611,2019,7000,362368,99.0,2,3.625,362368,36.5,36.5,9,9,Current,366028.2828,366028.2828,0,362368
202618,2019,6000,302648,98.0,1,3.625,302648,33.4,33.4,9,9,Current,308824.4898,308824.4898,0,302648
203489,2019,2475,96800,80.0,1,3.75,96800,28.93,28.93,9,9,Current,121000.0,121000.0,0,96800
203953,2019,2922,146000,80.0,1,3.625,146000,33.74,33.74,9,9,Current,182500.0,182500.0,0,146000
204128,2019,9279,150000,73.0,2,3.125,150000,14.27,17.69,9,4,Current,205479.4521,205479.4521,0,150000
204481,2019,4160,129600,80.0,2,3.875,129600,22.52,23.12,9,4,Current,162000.0,162000.0,0,129600
213442,2019,2919,122400,80.0,1,3.875,122400,34.86,34.86,9,9,Current,153000.0,153000.0,0,122400
214045,2019,3384,141000,79.0,2,5.0,141000,28.18,33.49,9,3,Current,178481.0127,178481.0127,0,141000
214365,2019,2340,46800,90.0,2,4.875,46800,18.84,18.84,9,9,Current,52000.0,52000.0,0,46800
215130,2019,3664,215625,75.0,2,4.0,215625,44.0,49.0,9,3,Current,287500.0,287500.0,0,215625
216587,2019,3290,88920,95.0,2,3.75,88920,16.78,36.97,9,4,Current,93600.0,93600.0,0,88920
219498,2019,5846,226886,70.0,1,4.375,227500,26.39,41.42,9,9,Current,325000.0,325000.0,0,226886
219513,2019,14643,483071,75.0,2,4.5,484350,21.56,39.88,9,9,Current,645800.0,645800.0,0,483071
219518,2019,5501,277126,75.0,1,4.375,277500,32.53,33.4,9,9,Current,370000.0,370000.0,0,277126
219533,2019,5737,370703,78.0,1,3.875,371250,38.23,40.58,9,9,Current,475961.5385,475961.5385,0,370703
220270,2019,10189,579200,80.0,1,3.99,579200,35.01,37.52,9,9,Current,724000.0,724000.0,0,579200
220876,2019,10287,201465,92.0,2,4.375,201465,15.56,17.0,9,9,Current,218983.6957,218983.6957,0,201465
221207,2019,4365,68000,100.0,2,5.0,68000,13.98,36.18,9,2,Current,68000.0,68000.0,0,68000
221472,2019,1384,32400,60.0,1,4.75,32400,26.41,26.41,9,9,Current,54000.0,54000.0,0,32400
222562,2019,6916,80000,25.0,2,4.0,80000,16.36,16.36,9,9,Current,320000.0,320000.0,0,80000
222872,2019,1840,69300,97.0,1,4.25,69300,27.05,27.05,9,9,Current,71443.29897,71443.29897,0,69300
222950,2019,15833,484350,75.0,1,3.75,484350,21.16,31.13,9,9,Current,645800.0,645800.0,0,484350
223052,2019,11352,407800,28.0,2,4.125,407800,39.04,46.9,9,9,Current,1456428.571,1456428.571,0,407800
223125,2019,3844,112800,80.0,2,4.125,112800,28.9,28.9,9,9,Current,141000.0,141000.0,0,112800
223837,2019,4745,94000,80.0,2,4.25,94000,19.46,25.21,9,4,Current,117500.0,117500.0,0,94000
223967,2019,2730,54567,99.0,1,4.75,54567,19.69,19.69,9,9,Current,55118.18182,55118.18182,0,54567
224091,2019,15000,402502,80.0,1,4.125,428800,22.55,40.43,9,9,Current,536000.0,536000.0,0,402502
224225,2019,3686,59200,80.0,1,4.75,59200,15.39,15.39,9,9,Current,74000.0,74000.0,0,59200
224589,2019,8045,176000,80.0,2,3.75,176000,21.21,44.01,9,9,Current,220000.0,220000.0,0,176000
225409,2019,13088,342400,80.0,1,4.875,342400,9.31,36.56,9,9,Current,428000.0,428000.0,0,342400
225569,2019,4583,155000,73.0,1,4.875,155000,27.07,27.07,9,9,Current,212328.7671,212328.7671,0,155000
225586,2019,4997,60000,43.0,2,3.875,60000,14.64,14.64,9,4,Current,139534.8837,139534.8837,0,60000
225916,2019,5857,200000,80.0,2,4.625,200000,25.9,32.57,9,9,Current,250000.0,250000.0,0,200000
226575,2019,18117,484000,90.0,2,4.875,484000,23.62,42.39,9,9,Current,537777.7778,537777.7778,0,484000
226605,2019,9881,100000,34.0,1,3.625,100000,9.39,21.83,9,9,Current,294117.6471,294117.6471,0,100000
226872,2019,1570,52000,80.0,2,4.0,52000,23.51,23.51,9,9,Current,65000.0,65000.0,0,52000
226985,2019,7938,128250,95.0,2,3.75,128250,13.47,25.57,9,4,Current,135000.0,135000.0,0,128250
227004,2019,8438,223250,95.0,2,3.5,223250,18.16,36.04,9,4,Current,235000.0,235000.0,0,223250
227257,2019,3744,136000,80.0,1,4.125,136000,25.03,42.76,9,9,Current,170000.0,170000.0,0,136000
228224,2019,13895,370000,60.0,2,2.875,370000,22.72,22.9,9,5,Current,616666.6667,616666.6667,0,370000
228502,2019,10683,104500,95.0,2,4.25,104500,7.66,36.25,9,2,Current,110000.0,110000.0,0,104500
228567,2019,6083,276000,80.0,2,3.5,276000,29.32,29.32,9,5,Current,345000.0,345000.0,0,276000
228590,2019,4892,60000,56.0,1,3.5,60000,13.34,13.34,9,9,Current,107142.8571,107142.8571,0,60000
229061,2019,8747,302555,101.0,1,3.375,302555,22.27,22.27,9,9,Current,299559.4059,299559.4059,0,302555
229156,2019,4506,133000,95.0,2,4.0,133000,22.55,34.28,9,9,Current,140000.0,140000.0,0,133000
229270,2019,12747,176000,80.0,2,3.5,176000,12.87,14.99,9,9,Current,220000.0,220000.0,0,176000
229610,2019,5555,88000,80.0,2,4.0,88000,10.25,10.7,9,5,Current,110000.0,110000.0,0,88000
230134,2019,22618,480000,80.0,1,4.75,480000,17.77,34.68,9,9,Current,600000.0,600000.0,0,480000
230603,2019,16570,240000,80.0,2,3.875,240000,9.52,37.54,9,4,Current,300000.0,300000.0,0,240000
230659,2019,7682,148000,94.0,2,3.75,148000,14.71,18.68,9,4,Current,157446.8085,157446.8085,0,148000
230682,2019,11666,255000,71.0,2,3.125,255000,13.44,13.44,9,9,Current,359154.9296,359154.9296,0,255000
230754,2019,4225,155000,61.0,1,3.875,155000,25.48,25.48,9,9,Current,254098.3607,254098.3607,0,155000
231368,2019,6277,316000,76.0,2,4.375,316000,32.14,41.58,9,9,Current,415789.4737,415789.4737,0,316000
231938,2019,3166,134000,98.0,1,3.75,134000,28.93,28.93,9,9,Current,136734.6939,136734.6939,0,134000
232264,2019,10359,453000,80.0,2,3.75,453000,25.38,25.38,9,9,Current,566250.0,566250.0,0,453000
232274,2019,3896,214000,65.0,2,4.25,214000,41.66,41.66,9,9,Current,329230.7692,329230.7692,0,214000
232633,2019,5151,147200,80.0,1,3.875,147200,19.41,19.41,9,9,Current,184000.0,184000.0,0,147200
232855,2019,5181,214661,100.0,1,3.5,215000,23.68,23.68,9,9,Current,215000.0,215000.0,0,214661
233991,2019,2973,121600,80.0,2,4.0,121600,30.61,31.52,9,3,Current,152000.0,152000.0,0,121600
234353,2019,5591,119000,75.0,1,3.625,119000,15.52,21.16,9,9,Current,158666.6667,158666.6667,0,119000
234505,2019,16795,291604,98.0,2,3.5,291604,8.78,8.78,9,9,Current,297555.102,297555.102,0,291604
234506,2019,8877,312303,99.0,2,3.25,312303,21.19,32.64,9,9,Current,315457.5758,315457.5758,0,312303
234508,2019,5742,248838,100.0,2,3.25,248838,29.21,29.21,9,9,Current,248838.0,248838.0,0,248838
234521,2019,9240,225120,100.0,2,3.625,225120,17.83,17.83,9,9,Current,225120.0,225120.0,0,225120
234576,2019,5145,92000,80.0,1,3.75,92000,18.12,18.12,9,9,Current,115000.0,115000.0,0,92000
234595,2019,6241,168000,80.0,2,3.25,168000,18.24,18.24,9,9,Current,210000.0,210000.0,0,168000
234607,2019,13633,484350,76.0,2,3.375,484350,22.24,28.95,9,5,Current,637302.6316,637302.6316,0,484350
234880,2019,3925,106020,100.0,1,4.25,106020,20.77,20.77,9,9,Current,106020.0,106020.0,0,106020
235298,2019,6432,96000,80.0,2,3.75,96000,14.16,15.48,9,4,Current,120000.0,120000.0,0,96000
236337,2019,12800,250000,33.0,1,3.75,250000,18.07,33.06,9,9,Current,757575.7576,757575.7576,0,250000
